Metrices,Scores
MAE,0.9736811023433346
MSE,2.053833369302209
RMSE,1.4331201517326482
R2Score,0.9187479730655735
